epoch,train_loss,val_loss
0,0.033854585,0.021264905
1,0.021350034,0.020412836
