epoch,train_loss,val_loss
0,0.06604388,0.037711967
1,0.030137962,0.021344207
