epoch,train_loss,val_loss
0,0.055087496,0.036947142
1,0.056629993,0.041935153
