epoch,train_loss,val_loss
0,0.06200327,0.03736584
1,0.05877602,0.041751366
