epoch,train_loss,val_loss
0,0.078518555,0.047194745
1,0.046245392,0.04074834
2,0.036988817,0.03447607
3,0.029672952,0.027046844
4,0.02521439,0.023519423
5,0.023040235,0.022698326
6,0.021634426,0.022099588
7,0.020663118,0.021513445
8,0.020140195,0.021258457
9,0.019466253,0.020599669
10,0.018847631,0.020069683
