epoch,train_loss,val_loss
0,0.06644871,0.03845971
1,0.034102473,0.026796833
