epoch,train_loss,val_loss
0,0.034904886,0.020989064
1,0.023355449,0.016938215
2,0.021420687,0.016744792
3,0.020925483,0.01605071
