epoch,train_loss,val_loss
0,0.10983813,0.09430818
1,0.09093775,0.078433074
