epoch,train_loss,val_loss
0,0.11409984,0.101039834
1,0.08998337,0.074628755
