epoch,train_loss,val_loss
0,0.061329808,0.049200818
1,0.04967685,0.037348233
