epoch,train_loss,val_loss
0,0.07751687,0.04565771
1,0.043875057,0.035682984
2,0.034569375,0.027593125
