epoch,train_loss,val_loss
0,0.014398336410522461,0.003738703206181526
1,0.009380120784044266,0.00438533304259181
2,0.009013057686388493,0.004850660916417837
3,0.008330645971000195,0.004239003639668226
