epoch,train_loss,val_loss
0,0.06253879,0.04111206
1,0.04387514,0.03695818
2,0.042213786,0.039478235
3,0.04009298,0.038685527
4,0.039538946,0.03687849
5,0.038840294,0.03756991
6,0.039036717,0.03796501
7,0.038663696,0.038688295
8,0.051834427,0.07856952
9,0.30661792,0.4857869
