epoch,train_loss,val_loss
0,0.111302085,0.094746895
1,0.087991156,0.07336554
