epoch,train_loss,val_loss
0,0.033400834,0.020791268
1,0.021944005,0.023299776
