epoch,train_loss,val_loss
0,0.06302109,0.039858274
1,0.031450715,0.027880656
