epoch,train_loss,val_loss
0,0.06149237,0.040324945
1,0.043159228,0.036582023
2,0.04181605,0.043268267
