epoch,train_loss,val_loss
0,0.107782826,0.09518827
1,0.08877793,0.077217236
