epoch,train_loss,val_loss
0,0.064192526,0.054047167
1,0.048379898,0.05094819
2,0.052053284,0.03963011
3,0.37780312,
