epoch,train_loss,val_loss
0,0.05881874,0.034740847
1,0.02925319,0.02315498
