epoch,train_loss,val_loss
0,0.06740426,0.04933445
1,0.052412603,0.047876503
