epoch,train_loss,val_loss
0,0.036047194,0.022389142
1,0.022329845,0.021401023
