epoch,train_loss,val_loss
0,0.05092316,0.03734216
1,0.042855978,0.039288327
