epoch,train_loss,val_loss
0,0.06736753,0.0375047
1,0.042471047,0.03765779
2,0.060472336,0.08134082
3,0.06721225,0.046830315
