epoch,train_loss,val_loss
0,0.053100165,0.03749662
1,0.02972943,0.023930969
