epoch,train_loss,val_loss
0,0.05885525,0.029879337
1,0.028632006,0.024000661
2,0.024131544,0.022120332
3,0.022675116,0.020834483
