epoch,train_loss,val_loss
0,0.06486769,0.033340454
1,0.032617602,0.024141444
