epoch,train_loss,val_loss
0,0.05793874,0.031503987
1,0.029052155,0.02220383
2,0.02362377,0.019693386
3,0.021422928,0.018382782
