epoch,train_loss,val_loss
0,0.035488322,0.018809697
1,0.02199049,0.022516228
