epoch,train_loss,val_loss
0,0.07991158,0.03748469
1,0.03563739,0.028488228
2,0.028588058,0.024213575
3,0.024989871,0.021924276
4,0.02328369,0.020692369
5,0.021867858,0.019917129
6,0.020551343,0.019374872
7,0.019540448,0.018957503
8,0.018727012,0.018491814
9,0.01811649,0.01818056
10,0.01772764,0.017805856
