epoch,train_loss,val_loss
0,0.054030217,0.037391957
1,0.034475457,0.027916541
