epoch,train_loss,val_loss
0,0.049490273,0.03976079
1,0.0380807,0.03191488
