epoch,train_loss,val_loss
0,0.108373865,0.08939175
1,0.08271625,0.06708273
2,0.06526378,0.053877298
3,0.056495536,0.048076168
