epoch,train_loss,val_loss
0,0.05904519,0.051504888
1,0.05711278,0.039684433
2,0.054582532,0.088675536
3,0.06618381,0.039404303
