epoch,train_loss,val_loss
0,0.057373334,0.036342215
1,0.032010555,0.025070993
