epoch,train_loss,val_loss
0,0.036101624,0.020033663
1,0.022893338,0.021045316
