epoch,train_loss,val_loss
0,0.10662712,0.08368166
1,0.07743241,0.059367903
