epoch,train_loss,val_loss
0,0.049864948,0.030544203
1,0.026655294,0.023150288
2,0.022869943,0.021977596
3,0.021354847,0.020960996
