epoch,train_loss,val_loss
0,0.0325734,0.021166066
1,0.023067284,0.02025216
