epoch,train_loss,val_loss
0,0.06511665,0.034062665
1,0.030688997,0.021596279
