epoch,train_loss,val_loss
0,0.057370786,0.031200478
1,0.029346155,0.023369966
2,0.02351095,0.02091534
3,0.021223467,0.019868542
