epoch,train_loss,val_loss
0,0.05544171,0.032920226
1,0.02937326,0.023079732
