epoch,train_loss,val_loss
0,0.033365745,0.021311658
1,0.021919746,0.018645061
2,0.021431606,0.02046488
3,0.02038609,0.017779311
